monsters,base,normal,giant ant
monsters,base,normal,giant beetle
monsters,base,normal,fire ant
monsters,base,normal,killer bee
monsters,base,normal,queen bee
monsters,base,normal,soldier ant
monsters,base,normal,quivering blob
monsters,base,normal,acid blob
monsters,base,normal,gelatinous cube
monsters,base,normal,mucilaginous cube
monsters,base,normal,pyrolisk
monsters,base,normal,chickatrice
monsters,base,normal,cockatrice
monsters,base,normal,giant cockatrice
monsters,base,normal,gargantuan cockatrice
monsters,base,normal,jackal
monsters,base,normal,fox
monsters,base,normal,coyote
monsters,base,normal,winter wolf cub
monsters,base,normal,dingo
monsters,base,normal,little dog
monsters,base,normal,werejackal
monsters,base,normal,direwolf cub
monsters,base,normal,hell hound pup
monsters,base,normal,dog
monsters,base,normal,hyena
monsters,base,normal,wolf
monsters,base,normal,large dog
monsters,base,normal,direwolf
monsters,base,normal,winter wolf
monsters,base,normal,werewolf
monsters,base,normal,warg
monsters,base,normal,large direwolf
monsters,base,normal,hell hound
monsters,base,normal,shoosuva
monsters,base,normal,gas spore
monsters,base,normal,floating eye
monsters,base,normal,freezing sphere
monsters,base,normal,flaming sphere
monsters,base,normal,shocking sphere
monsters,base,normal,beholder
monsters,base,normal,elder orb
monsters,base,normal,death tyrant
monsters,base,normal,kitten
monsters,base,normal,housecat
monsters,base,normal,large cat
monsters,base,normal,lynx
monsters,base,normal,jaguar
monsters,base,normal,panther
monsters,base,normal,tiger
monsters,base,normal,gnoll
monsters,base,normal,gnoll warden
monsters,base,normal,gnoll lord
monsters,base,normal,gnoll king
monsters,base,normal,flind
monsters,base,normal,flind lord
monsters,base,normal,gnome
monsters,base,normal,gnome lord
monsters,base,normal,gnomish wizard
monsters,base,normal,gnome king
monsters,base,normal,gremlin
monsters,base,normal,gargoyle
monsters,base,normal,winged gargoyle
monsters,base,normal,hobbit
monsters,base,normal,dwarf
monsters,base,normal,bugbear
monsters,base,normal,dwarf lord
monsters,base,normal,dwarf king
monsters,base,normal,mind flayer
monsters,base,normal,master mind flayer
monsters,base,normal,illithilich
monsters,base,normal,manes
monsters,base,normal,lemure
monsters,base,normal,homunculus
monsters,base,normal,imp
monsters,base,normal,quasit
monsters,base,normal,tengu
monsters,base,normal,blue jelly
monsters,base,normal,spotted jelly
monsters,base,normal,ochre jelly
monsters,base,normal,kobold
monsters,base,normal,large kobold
monsters,base,normal,kobold lord
monsters,base,normal,kobold shaman
monsters,base,normal,leprechaun
monsters,base,normal,small mimic
monsters,base,normal,small luggage
monsters,base,normal,medium luggage
monsters,base,normal,large luggage
monsters,base,normal,large mimic
monsters,base,normal,giant mimic
monsters,base,normal,Gargantuan Mimic
monsters,base,normal,giant luggage
monsters,base,normal,chaos mimic
monsters,base,normal,wood nymph
monsters,base,normal,water nymph
monsters,base,normal,mountain nymph
monsters,base,normal,harpy
monsters,base,normal,goblin
monsters,base,normal,hobgoblin
monsters,base,normal,orc
monsters,base,normal,hill orc
monsters,base,normal,Mordor orc
monsters,base,normal,orc shaman
monsters,base,normal,Uruk-hai
monsters,base,normal,orc-captain
monsters,base,normal,goblin king
monsters,base,normal,rock piercer
monsters,base,normal,iron piercer
monsters,base,normal,glass piercer
monsters,base,normal,rothe
monsters,base,normal,wumpus
monsters,base,normal,bison
monsters,base,normal,titanothere
monsters,base,normal,mumak
monsters,base,normal,leucrotta
monsters,base,normal,baluchitherium
monsters,base,normal,gorgon
monsters,base,normal,mastodon
monsters,base,normal,sewer rat
monsters,base,normal,giant rat
monsters,base,normal,woodchuck
monsters,base,normal,rabid rat
monsters,base,normal,rock mole
monsters,base,normal,wererat
monsters,base,normal,centipede
monsters,base,normal,cave spider
monsters,base,normal,scorpion
monsters,base,normal,giant spider
monsters,base,normal,phase spider
monsters,base,normal,lurker above
monsters,base,normal,trapper
monsters,base,normal,ram
monsters,base,normal,pony
monsters,base,normal,pegasus
monsters,base,normal,horse
monsters,base,normal,large ram
monsters,base,normal,white unicorn
monsters,base,normal,gray unicorn
monsters,base,normal,black unicorn
monsters,base,normal,warhorse
monsters,base,normal,warram
monsters,base,normal,dust vortex
monsters,base,normal,fog cloud
monsters,base,normal,ice vortex
monsters,base,normal,steam vortex
monsters,base,normal,fire vortex
monsters,base,normal,energy vortex
monsters,base,normal,baby long worm
monsters,base,normal,baby purple worm
monsters,base,normal,long worm
monsters,base,normal,purple worm
monsters,base,normal,grid bug
monsters,base,normal,xan
monsters,base,normal,yellow light
monsters,base,normal,black light
monsters,base,normal,kobold zombie
monsters,base,normal,gnome zombie
monsters,base,normal,orc zombie
monsters,base,normal,dwarf zombie
monsters,base,normal,elf zombie
monsters,base,normal,gnoll zombie
monsters,base,normal,human zombie
monsters,base,normal,skeleton
monsters,base,normal,ghoul
monsters,base,normal,ettin zombie
monsters,base,normal,ettin skeleton
monsters,base,normal,giant zombie
monsters,base,normal,giant skeleton
monsters,base,normal,ghast
monsters,base,normal,skeleton warrior
monsters,base,normal,skeleton lord
monsters,base,normal,skeleton king
monsters,base,normal,couatl
monsters,base,normal,Aleax
monsters,base,normal,Angel
monsters,base,normal,ki-rin
monsters,base,normal,Archon
monsters,base,normal,bat
monsters,base,normal,giant bat
monsters,base,normal,raven
monsters,base,normal,vampire bat
monsters,base,normal,celestial dove
monsters,base,normal,celestial eagle
monsters,base,normal,phoenix
monsters,base,normal,roc
monsters,base,normal,hell bat
monsters,base,normal,plains centaur
monsters,base,normal,forest centaur
monsters,base,normal,mountain centaur
monsters,base,normal,gray dragon hatchling
monsters,base,normal,silver dragon hatchling
monsters,base,normal,red dragon hatchling
monsters,base,normal,white dragon hatchling
monsters,base,normal,orange dragon hatchling
monsters,base,normal,black dragon hatchling
monsters,base,normal,blue dragon hatchling
monsters,base,normal,green dragon hatchling
monsters,base,normal,yellow dragon hatchling
monsters,base,normal,gray dragon
monsters,base,normal,silver dragon
monsters,base,normal,red dragon
monsters,base,normal,white dragon
monsters,base,normal,orange dragon
monsters,base,normal,black dragon
monsters,base,normal,blue dragon
monsters,base,normal,green dragon
monsters,base,normal,yellow dragon
monsters,base,normal,ancient gray dragon
monsters,base,normal,ancient silver dragon
monsters,base,normal,ancient red dragon
monsters,base,normal,ancient white dragon
monsters,base,normal,ancient orange dragon
monsters,base,normal,ancient black dragon
monsters,base,normal,ancient blue dragon
monsters,base,normal,ancient green dragon
monsters,base,normal,ancient yellow dragon
monsters,base,normal,dracolich
monsters,base,normal,elder dracolich
monsters,base,normal,gold dragon
monsters,base,normal,ancient gold dragon
monsters,base,normal,Bahamut
monsters,base,normal,water elemental
monsters,base,normal,earth elemental
monsters,base,normal,stalker
monsters,base,normal,fire elemental
monsters,base,normal,air elemental
monsters,base,normal,elder water elemental
monsters,base,normal,elder earth elemental
monsters,base,normal,elder fire elemental
monsters,base,normal,elder air elemental
monsters,base,normal,lichen
monsters,base,normal,brown mold
monsters,base,normal,yellow mold
monsters,base,normal,green mold
monsters,base,normal,red mold
monsters,base,normal,white lichen
monsters,base,normal,violet fungus
monsters,base,normal,shrieker
monsters,base,normal,black lichen
monsters,base,normal,giant
monsters,base,normal,stone giant
monsters,base,normal,hill giant
monsters,base,normal,hell bovine
monsters,base,normal,fire giant
monsters,base,normal,frost giant
monsters,base,normal,ettin
monsters,base,normal,storm giant
monsters,base,normal,minotaur
monsters,base,normal,titan
monsters,base,normal,jabberwock
monsters,base,normal,juggernaut
monsters,base,normal,Keystone Kop
monsters,base,normal,Kop Sergeant
monsters,base,normal,Kop Lieutenant
monsters,base,normal,Kop Kaptain
monsters,base,normal,lich
monsters,base,normal,demilich
monsters,base,normal,master lich
monsters,base,normal,arch-lich
monsters,base,normal,modron monodrone
monsters,base,normal,modron duodrone
monsters,base,normal,modron tridrone
monsters,base,normal,modron quadrone
monsters,base,normal,modron pentadrone
monsters,base,normal,modron quinton
monsters,base,normal,modron quarton
monsters,base,normal,modron tertian
monsters,base,normal,modron secundus
monsters,base,normal,Modron Primus
monsters,base,normal,red naga hatchling
monsters,base,normal,black naga hatchling
monsters,base,normal,golden naga hatchling
monsters,base,normal,guardian naga hatchling
monsters,base,normal,red naga
monsters,base,normal,black naga
monsters,base,normal,golden naga
monsters,base,normal,guardian naga
monsters,base,normal,ogre
monsters,base,normal,ogre lord
monsters,base,normal,ogre overlord
monsters,base,normal,ogre mage
monsters,base,normal,ogre king
monsters,base,normal,ogre archmage
monsters,base,normal,gray ooze
monsters,base,normal,brown pudding
monsters,base,normal,green slime
monsters,base,normal,black pudding
monsters,base,normal,quantum mechanic
monsters,base,normal,rust monster
monsters,base,normal,disenchanter
monsters,base,normal,garter snake
monsters,base,normal,snake
monsters,base,normal,water moccasin
monsters,base,normal,pit viper
monsters,base,normal,cobra
monsters,base,normal,python
monsters,base,normal,boa constrictor
monsters,base,normal,giant python
monsters,base,normal,giant anaconda
monsters,base,normal,troll
monsters,base,normal,ice troll
monsters,base,normal,rock troll
monsters,base,normal,water troll
monsters,base,normal,Olog-hai
monsters,base,normal,thoul
monsters,base,normal,umber hulk
monsters,base,normal,otyugh
monsters,base,normal,neo-otyugh
monsters,base,normal,chimera
monsters,base,normal,vampire
monsters,base,normal,vampire lord
monsters,base,normal,vampire mage
monsters,base,normal,Vlad the Impaler
monsters,base,normal,wraith
monsters,base,normal,barrow wight
monsters,base,normal,spectre
monsters,base,normal,king wraith
monsters,base,normal,Nazgul
monsters,base,normal,xorn
monsters,base,normal,monkey
monsters,base,normal,ape
monsters,base,normal,yeti
monsters,base,normal,carnivorous ape
monsters,base,normal,zruty
monsters,base,normal,sasquatch
monsters,base,normal,owlbear
monsters,base,normal,grizzly bear
monsters,base,normal,owlbear shaman
monsters,base,normal,werebear
monsters,base,normal,owlbear matriarch
monsters,base,normal,owlbear patriarch
monsters,base,normal,kobold mummy
monsters,base,normal,gnome mummy
monsters,base,normal,dwarf mummy
monsters,base,normal,orc mummy
monsters,base,normal,gnoll mummy
monsters,base,normal,elf mummy
monsters,base,normal,human mummy
monsters,base,normal,ettin mummy
monsters,base,normal,giant mummy
monsters,base,normal,paper golem
monsters,base,normal,straw golem
monsters,base,normal,wood golem
monsters,base,normal,leather golem
monsters,base,normal,gold golem
monsters,base,normal,rope golem
monsters,base,normal,flesh golem
monsters,base,normal,clay golem
monsters,base,normal,glass golem
monsters,base,normal,stone golem
monsters,base,normal,bone golem
monsters,base,normal,gemstone golem
monsters,base,normal,iron golem
monsters,base,normal,silver golem
monsters,base,normal,treant
monsters,base,normal,elder treant
monsters,base,normal,human
monsters,base,normal,wererat
monsters,base,normal,werejackal
monsters,base,normal,elf
monsters,base,normal,Green-elf
monsters,base,normal,Woodland-elf
monsters,base,normal,prisoner
monsters,base,normal,nurse
monsters,base,normal,Grey-elf
monsters,base,normal,werewolf
monsters,base,normal,elf-lord
monsters,base,normal,doppelganger
monsters,base,normal,Elvenking
monsters,base,normal,Oracle
monsters,base,normal,shopkeeper
monsters,base,normal,guard
monsters,base,normal,aligned priest
monsters,base,normal,werebear
monsters,base,normal,high priest
monsters,base,normal,soldier
monsters,base,normal,sergeant
monsters,base,normal,lieutenant
monsters,base,normal,captain
monsters,base,normal,watchman
monsters,base,normal,watch captain
monsters,base,normal,Medusa
monsters,base,normal,Wizard of Yendor
monsters,base,normal,Croesus
monsters,base,normal,ghost
monsters,base,normal,shade
monsters,base,normal,succubus
monsters,base,normal,incubus
monsters,base,normal,water demon
monsters,base,normal,horned devil
monsters,base,normal,hezrou
monsters,base,normal,vrock
monsters,base,normal,erinys
monsters,base,normal,ice devil
monsters,base,normal,barbed devil
monsters,base,normal,nalfeshnee
monsters,base,normal,glabrezu
monsters,base,normal,bone devil
monsters,base,normal,sandestin
monsters,base,normal,pit fiend
monsters,base,normal,marilith
monsters,base,normal,balrog
monsters,base,normal,Juiblex
monsters,base,normal,Yeenoghu
monsters,base,normal,Yacc
monsters,base,normal,Baphomet
monsters,base,normal,Baalzebub
monsters,base,normal,Geryon
monsters,base,normal,Dispater
monsters,base,normal,Asmodeus
monsters,base,normal,Orcus
monsters,base,normal,Demogorgon
monsters,base,normal,Death
monsters,base,normal,Pestilence
monsters,base,normal,Famine
monsters,base,normal,djinni
monsters,base,normal,Tarrasque
monsters,base,normal,jellyfish
monsters,base,normal,piranha
monsters,base,normal,shark
monsters,base,normal,giant eel
monsters,base,normal,electric eel
monsters,base,normal,kraken
monsters,base,normal,newt
monsters,base,normal,gecko
monsters,base,normal,iguana
monsters,base,normal,baby crocodile
monsters,base,normal,lizard
monsters,base,normal,chameleon
monsters,base,normal,crocodile
monsters,base,normal,salamander
monsters,base,normal,hydra
monsters,base,normal,pyrohydra
monsters,base,normal,lernaean hydra
monsters,base,normal,long worm tail
monsters,base,normal,archeologist
monsters,base,normal,barbarian
monsters,base,normal,caveman
monsters,base,normal,healer
monsters,base,normal,knight
monsters,base,normal,monk
monsters,base,normal,priest
monsters,base,normal,ranger
monsters,base,normal,rogue
monsters,base,normal,samurai
monsters,base,normal,tourist
monsters,base,normal,valkyrie
monsters,base,normal,wizard
monsters,base,normal,Lord Carnarvon
monsters,base,normal,Pelias
monsters,base,normal,Shaman Karnov
monsters,base,normal,Hippocrates
monsters,base,normal,King Arthur
monsters,base,normal,Grand Master
monsters,base,normal,Arch Priest
monsters,base,normal,Orion
monsters,base,normal,Master of Thieves
monsters,base,normal,Lord Sato
monsters,base,normal,Twoflower
monsters,base,normal,Norn
monsters,base,normal,Neferet the Green
monsters,base,normal,Minion of Huhetotl
monsters,base,normal,Thoth Amon
monsters,base,normal,Tiamat
monsters,base,normal,Cyclops
monsters,base,normal,Ixoth
monsters,base,normal,Master Kaen
monsters,base,normal,Nalzok
monsters,base,normal,Scorpius
monsters,base,normal,Master Assassin
monsters,base,normal,Ashikaga Takauji
monsters,base,normal,Lord Surtur
monsters,base,normal,Dark One
monsters,base,normal,student
monsters,base,normal,chieftain
monsters,base,normal,neanderthal
monsters,base,normal,attendant
monsters,base,normal,page
monsters,base,normal,abbot
monsters,base,normal,acolyte
monsters,base,normal,hunter
monsters,base,normal,thug
monsters,base,normal,ninja
monsters,base,normal,roshi
monsters,base,normal,guide
monsters,base,normal,warrior
monsters,base,normal,apprentice
monsters,female,normal,gnoll king
monsters,female,normal,gnome king
monsters,female,normal,dwarf king
monsters,female,normal,skeleton king
monsters,female,normal,ogre king
monsters,female,normal,king wraith
monsters,female,normal,nurse
monsters,female,normal,elf-lord
objects,normal,illegal objects,strange object
objects,normal,weapons,arrow
objects,normal,weapons,elven arrow
objects,normal,weapons,orcish arrow
objects,normal,weapons,silver arrow
objects,normal,weapons,ya
objects,normal,weapons,bone arrow
objects,normal,weapons,crossbow bolt
objects,normal,weapons,gnollish quarrel
objects,normal,weapons,silver crossbow bolt
objects,normal,weapons,bone quarrel
objects,normal,weapons,leaden sling-bullet
objects,normal,weapons,iron sling-bullet
objects,normal,weapons,silver sling-bullet
objects,normal,weapons,arrow of dragon slaying
objects,normal,weapons,dart
objects,normal,weapons,shuriken
objects,normal,weapons,boomerang
objects,normal,weapons,spear
objects,normal,weapons,elven spear
objects,normal,weapons,orcish spear
objects,normal,weapons,dwarvish spear
objects,normal,weapons,silver spear
objects,normal,weapons,javelin
objects,normal,weapons,javelin of returning
objects,normal,weapons,trident
objects,normal,weapons,silver fork
objects,normal,weapons,dagger
objects,normal,weapons,elven dagger
objects,normal,weapons,elven runedagger
objects,normal,weapons,orcish dagger
objects,normal,weapons,ornamental orcish dagger
objects,normal,weapons,bone dagger
objects,normal,weapons,silver dagger
objects,normal,weapons,Morgul blade
objects,normal,weapons,main-gauche
objects,normal,weapons,athame
objects,normal,weapons,scalpel
objects,normal,weapons,knife
objects,normal,weapons,silver knife
objects,normal,weapons,stiletto
objects,normal,weapons,worm tooth
objects,normal,weapons,crysknife
objects,normal,weapons,axe
objects,normal,weapons,dwarvish axe
objects,normal,weapons,infernal axe
objects,normal,weapons,throwing axe
objects,normal,weapons,battle-axe
objects,normal,weapons,battle-axe of cleaving
objects,normal,weapons,short sword
objects,normal,weapons,elven short sword
objects,normal,weapons,orcish short sword
objects,normal,weapons,dwarvish short sword
objects,normal,weapons,scimitar
objects,normal,weapons,silver saber
objects,normal,weapons,saber of lycanthrope slaying
objects,normal,weapons,broadsword
objects,normal,weapons,elven broadsword
objects,normal,weapons,long sword
objects,normal,weapons,silver long sword
objects,normal,weapons,sword of demon slaying
objects,normal,weapons,sword of holy vengeance
objects,normal,weapons,sword of unholy desecration
objects,normal,weapons,sword of defense
objects,normal,weapons,sword of sharpness
objects,normal,weapons,vorpal sword
objects,normal,weapons,sword of wounding
objects,normal,weapons,sword of life stealing
objects,normal,weapons,nine lives stealer
objects,normal,weapons,sword of orc slaying
objects,normal,weapons,sword of troll slaying
objects,normal,weapons,sword of giant slaying
objects,normal,weapons,sword of dragon slaying
objects,normal,weapons,glass sword
objects,normal,weapons,two-handed sword
objects,normal,weapons,katana
objects,normal,weapons,tsurugi
objects,normal,weapons,runesword
objects,normal,weapons,sword of luckiness
objects,normal,weapons,partisan
objects,normal,weapons,ranseur
objects,normal,weapons,spetum
objects,normal,weapons,glaive
objects,normal,weapons,lance
objects,normal,weapons,halberd
objects,normal,weapons,bardiche
objects,normal,weapons,huge infernal bardiche
objects,normal,weapons,voulge
objects,normal,weapons,dwarvish mattock
objects,normal,weapons,fauchard
objects,normal,weapons,guisarme
objects,normal,weapons,bill-guisarme
objects,normal,weapons,infernal ancus
objects,normal,weapons,lucern hammer
objects,normal,weapons,bec de corbin
objects,normal,weapons,polearm of reach
objects,normal,weapons,mace
objects,normal,weapons,runed sceptre
objects,normal,weapons,silver mace
objects,normal,weapons,mace of disruption
objects,normal,weapons,mace of death
objects,normal,weapons,mace of the underworld
objects,normal,weapons,morning star
objects,normal,weapons,morning star of troll slaying
objects,normal,weapons,war hammer
objects,normal,weapons,heavy war hammer
objects,normal,weapons,war hammer of ogre slaying
objects,normal,weapons,war hammer of gnoll slaying
objects,normal,weapons,club
objects,normal,weapons,infernal jagged-toothed club
objects,normal,weapons,rubber hose
objects,normal,weapons,flindbar
objects,normal,weapons,quarterstaff
objects,normal,weapons,staff of the magi
objects,normal,weapons,staff of fire
objects,normal,weapons,staff of thunder and lightning
objects,normal,weapons,staff of frost
objects,normal,weapons,staff of life
objects,normal,weapons,staff of withering
objects,normal,weapons,aklys
objects,normal,weapons,flail
objects,normal,weapons,silver flail
objects,normal,weapons,double-headed flail
objects,normal,weapons,triple-headed flail
objects,normal,weapons,triple-headed flail of life draining
objects,normal,weapons,runed flail
objects,normal,weapons,bullwhip
objects,normal,weapons,black blade of disintegration
objects,normal,weapons,bow
objects,normal,weapons,short bow
objects,normal,weapons,elven long bow
objects,normal,weapons,orcish short bow
objects,normal,weapons,long bow
objects,normal,weapons,composite long bow
objects,normal,weapons,composite short bow
objects,normal,weapons,yumi
objects,normal,weapons,sling
objects,normal,weapons,crossbow
objects,normal,weapons,hand crossbow
objects,normal,weapons,heavy crossbow
objects,normal,weapons,repeating crossbow
objects,normal,weapons,repeating heavy crossbow
objects,normal,armor,elven leather helm
objects,normal,armor,cotton hood
objects,normal,armor,gnollish hood
objects,normal,armor,orcish helm
objects,normal,armor,dwarvish iron helm
objects,normal,armor,fedora
objects,normal,armor,tinfoil hat of mind shielding
objects,normal,armor,ducal crown
objects,normal,armor,crown of rulership
objects,normal,armor,cornuthaum
objects,normal,armor,dunce cap
objects,normal,armor,gnomish felt hat
objects,normal,armor,silk top hat
objects,normal,armor,dented pot
objects,normal,armor,helmet
objects,normal,armor,helm of brilliance
objects,normal,armor,helm of opposite alignment
objects,normal,armor,helm of telepathy
objects,normal,armor,gray dragon scale mail
objects,normal,armor,silver dragon scale mail
objects,normal,armor,red dragon scale mail
objects,normal,armor,white dragon scale mail
objects,normal,armor,orange dragon scale mail
objects,normal,armor,black dragon scale mail
objects,normal,armor,blue dragon scale mail
objects,normal,armor,green dragon scale mail
objects,normal,armor,yellow dragon scale mail
objects,normal,armor,gray dragon scales
objects,normal,armor,silver dragon scales
objects,normal,armor,red dragon scales
objects,normal,armor,white dragon scales
objects,normal,armor,orange dragon scales
objects,normal,armor,black dragon scales
objects,normal,armor,blue dragon scales
objects,normal,armor,green dragon scales
objects,normal,armor,yellow dragon scales
objects,normal,armor,adamantium full plate mail
objects,normal,armor,mithril full plate mail
objects,normal,armor,orichalcum full plate mail
objects,normal,armor,full plate mail
objects,normal,armor,field plate mail
objects,normal,armor,plate mail
objects,normal,armor,crystal plate mail
objects,normal,armor,bronze plate mail
objects,normal,armor,splint mail
objects,normal,armor,banded mail
objects,normal,armor,gnollish bone mail
objects,normal,armor,dwarvish mithril-coat
objects,normal,armor,elven mithril-coat
objects,normal,armor,chain mail
objects,normal,armor,orcish chain mail
objects,normal,armor,scale mail
objects,normal,armor,studded leather armor
objects,normal,armor,gnollish studded leather armor
objects,normal,armor,ring mail
objects,normal,armor,orcish ring mail
objects,normal,armor,leather armor
objects,normal,armor,gnollish leather armor
objects,normal,armor,leather jacket
objects,normal,armor,force field armor
objects,normal,armor,Hawaiian shirt
objects,normal,armor,shirt of uncontrollable laughter
objects,normal,armor,shirt of comeliness
objects,normal,armor,shirt of sound mindedness
objects,normal,armor,T-shirt
objects,normal,armor,elven cloak
objects,normal,armor,orcish cloak
objects,normal,armor,dwarvish cloak
objects,normal,armor,oilskin cloak
objects,normal,armor,alchemy smock
objects,normal,armor,leather cloak
objects,normal,armor,cloak of protection
objects,normal,armor,cloak of invisibility
objects,normal,armor,cloak of magic resistance
objects,normal,armor,cloak of integrity
objects,normal,armor,cloak of displacement
objects,normal,armor,robe
objects,normal,armor,robe of protection
objects,normal,armor,robe of magic resistance
objects,normal,armor,gown of the archbishops
objects,normal,armor,robe of powerlessness
objects,normal,armor,robe of eyes
objects,normal,armor,robe of the archmagi
objects,normal,armor,robe of splendor
objects,normal,armor,robe of starry wisdom
objects,normal,armor,bathrobe
objects,normal,armor,clerical gown
objects,normal,armor,tailored silk robe
objects,normal,armor,gnollish haircloth robe
objects,normal,armor,mummy wrapping
objects,normal,armor,leather bracers
objects,normal,armor,bracers of defense
objects,normal,armor,bracers of archery
objects,normal,armor,bracers of spell casting
objects,normal,armor,bracers of reflection
objects,normal,armor,bracers against magic missiles
objects,normal,armor,small shield
objects,normal,armor,elven shield
objects,normal,armor,Uruk-hai shield
objects,normal,armor,orcish shield
objects,normal,armor,large shield
objects,normal,armor,dwarvish roundshield
objects,normal,armor,shield of reflection
objects,normal,armor,spiked shield
objects,normal,armor,spiked silver shield
objects,normal,armor,leather gloves
objects,normal,armor,gauntlets of fumbling
objects,normal,armor,gloves of haste
objects,normal,armor,gloves of spell casting
objects,normal,armor,gauntlets of ogre power
objects,normal,armor,gauntlets of dexterity
objects,normal,armor,gauntlets of balance
objects,normal,armor,spiked gauntlets
objects,normal,armor,silver gauntlets
objects,normal,armor,spiked silver gauntlets
objects,normal,armor,low boots
objects,normal,armor,iron shoes
objects,normal,armor,leather sandals
objects,normal,armor,cotton slippers
objects,normal,armor,high boots
objects,normal,armor,speed boots
objects,normal,armor,water walking boots
objects,normal,armor,jumping boots
objects,normal,armor,elven boots
objects,normal,armor,kicking boots
objects,normal,armor,fumble boots
objects,normal,armor,levitation boots
objects,normal,armor,spiked boots
objects,normal,armor,silver shoes
objects,normal,armor,spiked silver boots
objects,normal,rings,adornment
objects,normal,rings,gain strength
objects,normal,rings,gain dexterity
objects,normal,rings,gain constitution
objects,normal,rings,gain intelligence
objects,normal,rings,gain wisdom
objects,normal,rings,power
objects,normal,rings,increase accuracy
objects,normal,rings,increase damage
objects,normal,rings,protection
objects,normal,rings,regeneration
objects,normal,rings,replenishment
objects,normal,rings,the serpent god
objects,normal,rings,wizardry
objects,normal,rings,fortitude
objects,normal,rings,searching
objects,normal,rings,stealth
objects,normal,rings,sustain ability
objects,normal,rings,levitation
objects,normal,rings,hunger
objects,normal,rings,aggravate monster
objects,normal,rings,warning
objects,normal,rings,poison resistance
objects,normal,rings,fire resistance
objects,normal,rings,cold resistance
objects,normal,rings,shock resistance
objects,normal,rings,life protection
objects,normal,rings,free action
objects,normal,rings,slow digestion
objects,normal,rings,teleportation
objects,normal,rings,teleport control
objects,normal,rings,polymorph
objects,normal,rings,polymorph control
objects,normal,rings,invisibility
objects,normal,rings,see invisible
objects,normal,rings,X-ray vision
objects,normal,rings,protection from shape changers
objects,normal,rings,supreme power
objects,normal,rings,three charges
objects,normal,rings,seven charges
objects,normal,amulets,amulet of ESP
objects,normal,amulets,amulet of life saving
objects,normal,amulets,amulet of strangulation
objects,normal,amulets,amulet of restful sleep
objects,normal,amulets,amulet versus poison
objects,normal,amulets,amulet versus life draining
objects,normal,amulets,amulet versus death magic
objects,normal,amulets,amulet versus petrification
objects,normal,amulets,amulet of change
objects,normal,amulets,amulet of unchanging
objects,normal,amulets,amulet of reflection
objects,normal,amulets,amulet of mana
objects,normal,amulets,demon blood talisman
objects,normal,amulets,periapt of vitality
objects,normal,amulets,amulet of magical breathing
objects,normal,amulets,amulet
objects,normal,amulets,cheap plastic imitation of the Amulet of Yendor
objects,normal,amulets,Amulet of Yendor
objects,normal,miscellaneous items,brooch of shielding
objects,normal,miscellaneous items,nose ring of bull strength
objects,normal,miscellaneous items,nose ring of bullheadedness
objects,normal,miscellaneous items,nose ring of cerebral safeguarding
objects,normal,miscellaneous items,headband of intellect
objects,normal,miscellaneous items,golden earrings
objects,normal,miscellaneous items,ioun stone of protection
objects,normal,miscellaneous items,ioun stone of spell mastery
objects,normal,miscellaneous items,ioun stone of magic resistance
objects,normal,miscellaneous items,ioun stone of strength
objects,normal,miscellaneous items,ioun stone of dexterity
objects,normal,miscellaneous items,ioun stone of constitution
objects,normal,miscellaneous items,ioun stone of intelligence
objects,normal,miscellaneous items,ioun stone of wisdom
objects,normal,miscellaneous items,ioun stone of charisma
objects,normal,miscellaneous items,ioun stone of experience
objects,normal,miscellaneous items,ioun stone of awareness
objects,normal,miscellaneous items,ioun stone of regeneration
objects,normal,miscellaneous items,ioun stone of incessant hunger
objects,normal,miscellaneous items,ioun stone of restful sleep
objects,normal,miscellaneous items,ioun stone of sustenance
objects,normal,miscellaneous items,wings of flying
objects,normal,miscellaneous items,lenses
objects,normal,miscellaneous items,eyeglasses of hallucination
objects,normal,miscellaneous items,eyeglasses of awkwardness
objects,normal,miscellaneous items,eyeglasses of see invisible
objects,normal,miscellaneous items,sunglasses
objects,normal,miscellaneous items,goggles of night
objects,normal,miscellaneous items,goggles of eye protection
objects,normal,miscellaneous items,expensive watch
objects,normal,miscellaneous items,leather belt
objects,normal,miscellaneous items,belt of change
objects,normal,miscellaneous items,belt of dwarvenkind
objects,normal,miscellaneous items,belt of fortitude
objects,normal,miscellaneous items,belt of hill giant strength
objects,normal,miscellaneous items,belt of stone giant strength
objects,normal,miscellaneous items,belt of frost giant strength
objects,normal,miscellaneous items,belt of fire giant strength
objects,normal,miscellaneous items,belt of storm giant strength
objects,normal,tools,large box
objects,normal,tools,chest
objects,normal,tools,golden chest
objects,normal,tools,ice box
objects,normal,tools,bookshelf
objects,normal,tools,backpack
objects,normal,tools,leather bag
objects,normal,tools,sack
objects,normal,tools,oilskin sack
objects,normal,tools,bag of holding
objects,normal,tools,bag of wizardry
objects,normal,tools,bag of treasure hauling
objects,normal,tools,pouch of endless bolts
objects,normal,tools,bag of infinite sling bullets
objects,normal,tools,bag of tricks
objects,normal,tools,expensive handbag
objects,normal,tools,oriental silk sack
objects,normal,tools,quiver of infinite arrows
objects,normal,tools,skeleton key
objects,normal,tools,master key
objects,normal,tools,lock pick
objects,normal,tools,credit card
objects,normal,tools,tallow candle
objects,normal,tools,wax candle
objects,normal,tools,magic candle
objects,normal,tools,brass lantern
objects,normal,tools,oil lamp
objects,normal,tools,magic lamp
objects,normal,tools,expensive camera
objects,normal,tools,mirror
objects,normal,tools,magic mirror
objects,normal,tools,holy symbol
objects,normal,tools,crystal ball
objects,normal,tools,blindfold
objects,normal,tools,towel
objects,normal,tools,saddle
objects,normal,tools,leash
objects,normal,tools,stethoscope
objects,normal,tools,tinning kit
objects,normal,tools,tin opener
objects,normal,tools,can of grease
objects,normal,tools,figurine
objects,normal,tools,magic marker
objects,normal,tools,land mine
objects,normal,tools,beartrap
objects,normal,tools,tin whistle
objects,normal,tools,magic whistle
objects,normal,tools,wooden flute
objects,normal,tools,magic flute
objects,normal,tools,brass horn
objects,normal,tools,tooled horn
objects,normal,tools,frost horn
objects,normal,tools,fire horn
objects,normal,tools,horn of conflict
objects,normal,tools,horn of plenty
objects,normal,tools,wooden harp
objects,normal,tools,magic harp
objects,normal,tools,bell
objects,normal,tools,bugle
objects,normal,tools,leather drum
objects,normal,tools,drum of earthquake
objects,normal,tools,jar of healing salve
objects,normal,tools,jar of extra healing salve
objects,normal,tools,grail of healing
objects,normal,tools,pick-axe
objects,normal,tools,spade of colossal excavation
objects,normal,tools,saw of mighty cutting
objects,normal,tools,golf club
objects,normal,tools,grappling hook
objects,normal,tools,unicorn horn
objects,normal,tools,Candelabrum of Invocation
objects,normal,tools,Bell of Opening
objects,normal,food,tripe ration
objects,normal,food,corpse
objects,normal,food,egg
objects,normal,food,meatball
objects,normal,food,meat stick
objects,normal,food,huge chunk of meat
objects,normal,food,meat ring
objects,normal,food,glob of gray ooze
objects,normal,food,glob of brown pudding
objects,normal,food,glob of green slime
objects,normal,food,glob of black pudding
objects,normal,food,kelp frond
objects,normal,food,eucalyptus leaf
objects,normal,food,handful of nuts
objects,normal,food,apple
objects,normal,food,orange
objects,normal,food,pear
objects,normal,food,melon
objects,normal,food,carrot
objects,normal,food,handful of spinach leaves
objects,normal,food,banana
objects,normal,food,pomegranate
objects,normal,food,avocado
objects,normal,food,cloudberry
objects,normal,food,fig
objects,normal,food,dragon fruit
objects,normal,food,phantomberry
objects,normal,food,champignon
objects,normal,food,penny bun
objects,normal,food,chanterelle
objects,normal,food,fly agaric
objects,normal,food,death cap
objects,normal,food,mana mushroom
objects,normal,food,healing mushroom
objects,normal,food,panther cap
objects,normal,food,magic mushroom
objects,normal,food,fruit
objects,normal,food,lump of royal jelly
objects,normal,food,cream pie
objects,normal,food,candy bar
objects,normal,food,fortune cookie
objects,normal,food,pancake
objects,normal,food,lembas wafer
objects,normal,food,cram ration
objects,normal,food,food ration
objects,normal,food,K-ration
objects,normal,food,C-ration
objects,normal,food,tin
objects,normal,potions,gain ability
objects,normal,potions,restore ability
objects,normal,potions,confusion
objects,normal,potions,blindness
objects,normal,potions,paralysis
objects,normal,potions,speed
objects,normal,potions,levitation
objects,normal,potions,hallucination
objects,normal,potions,invisibility
objects,normal,potions,see invisible
objects,normal,potions,magic resistance
objects,normal,potions,healing
objects,normal,potions,extra healing
objects,normal,potions,greater healing
objects,normal,potions,full healing
objects,normal,potions,gain level
objects,normal,potions,enlightenment
objects,normal,potions,monster detection
objects,normal,potions,object detection
objects,normal,potions,gain energy
objects,normal,potions,greater energy
objects,normal,potions,full energy
objects,normal,potions,sleeping
objects,normal,potions,polymorph
objects,normal,potions,booze
objects,normal,potions,sickness
objects,normal,potions,fruit juice
objects,normal,potions,acid
objects,normal,potions,oil
objects,normal,potions,poison
objects,normal,potions,water
objects,normal,potions,dwarven stout
objects,normal,potions,urine
objects,normal,scrolls,enchant armor
objects,normal,scrolls,destroy armor
objects,normal,scrolls,protect armor
objects,normal,scrolls,confuse monster
objects,normal,scrolls,scare monster
objects,normal,scrolls,remove curse
objects,normal,scrolls,enchant weapon
objects,normal,scrolls,protect weapon
objects,normal,scrolls,enchant accessory
objects,normal,scrolls,create monster
objects,normal,scrolls,taming
objects,normal,scrolls,genocide
objects,normal,scrolls,light
objects,normal,scrolls,teleportation
objects,normal,scrolls,gold detection
objects,normal,scrolls,food detection
objects,normal,scrolls,identify
objects,normal,scrolls,magic mapping
objects,normal,scrolls,amnesia
objects,normal,scrolls,retraining
objects,normal,scrolls,fire
objects,normal,scrolls,earth
objects,normal,scrolls,punishment
objects,normal,scrolls,charging
objects,normal,scrolls,stinking cloud
objects,normal,scrolls,nameless-0
objects,normal,scrolls,nameless-1
objects,normal,scrolls,nameless-2
objects,normal,scrolls,nameless-3
objects,normal,scrolls,nameless-4
objects,normal,scrolls,nameless-5
objects,normal,scrolls,nameless-6
objects,normal,scrolls,nameless-7
objects,normal,scrolls,nameless-8
objects,normal,scrolls,nameless-9
objects,normal,scrolls,nameless-10
objects,normal,scrolls,nameless-11
objects,normal,scrolls,nameless-12
objects,normal,scrolls,nameless-13
objects,normal,scrolls,nameless-14
objects,normal,scrolls,nameless-15
objects,normal,scrolls,nameless-16
objects,normal,scrolls,nameless-17
objects,normal,scrolls,nameless-18
objects,normal,scrolls,nameless-19
objects,normal,scrolls,blank paper
objects,normal,spellbooks,dig
objects,normal,spellbooks,knock
objects,normal,spellbooks,wizard lock
objects,normal,spellbooks,create paper golem
objects,normal,spellbooks,create gold golem
objects,normal,spellbooks,create stone golem
objects,normal,spellbooks,create glass golem
objects,normal,spellbooks,create gemstone golem
objects,normal,spellbooks,create iron golem
objects,normal,spellbooks,create silver golem
objects,normal,spellbooks,polymorph
objects,normal,spellbooks,lower water
objects,normal,spellbooks,touch of petrification
objects,normal,spellbooks,flesh to stone
objects,normal,spellbooks,water breathing
objects,normal,spellbooks,stone to flesh
objects,normal,spellbooks,titan strength
objects,normal,spellbooks,magic missile
objects,normal,spellbooks,greater magic missile
objects,normal,spellbooks,burning hands
objects,normal,spellbooks,fire bolt
objects,normal,spellbooks,magical implosion
objects,normal,spellbooks,fireball
objects,normal,spellbooks,fire storm
objects,normal,spellbooks,meteor swarm
objects,normal,spellbooks,cone of cold
objects,normal,spellbooks,freezing touch
objects,normal,spellbooks,ice storm
objects,normal,spellbooks,force bolt
objects,normal,spellbooks,magic arrow
objects,normal,spellbooks,lightning bolt
objects,normal,spellbooks,shocking touch
objects,normal,spellbooks,thunderstorm
objects,normal,spellbooks,magic storm
objects,normal,spellbooks,disintegrate
objects,normal,spellbooks,power word kill
objects,normal,spellbooks,power word stun
objects,normal,spellbooks,power word blind
objects,normal,spellbooks,sphere of annihilation
objects,normal,spellbooks,circle of magic
objects,normal,spellbooks,circle of fire
objects,normal,spellbooks,circle of lightning
objects,normal,spellbooks,circle of frost
objects,normal,spellbooks,globe of invulnerability
objects,normal,spellbooks,anti-magic shell
objects,normal,spellbooks,shield
objects,normal,spellbooks,animate air
objects,normal,spellbooks,animate earth
objects,normal,spellbooks,animate fire
objects,normal,spellbooks,animate water
objects,normal,spellbooks,create monster
objects,normal,spellbooks,create familiar
objects,normal,spellbooks,summoning call
objects,normal,spellbooks,great Yendorian summoning
objects,normal,spellbooks,stinking cloud
objects,normal,spellbooks,wish
objects,normal,spellbooks,black blade of disaster
objects,normal,spellbooks,mage armor
objects,normal,spellbooks,call hierarch modron
objects,normal,spellbooks,commune
objects,normal,spellbooks,enlightenment
objects,normal,spellbooks,remove curse
objects,normal,spellbooks,bless
objects,normal,spellbooks,curse
objects,normal,spellbooks,resurrection
objects,normal,spellbooks,prayer
objects,normal,spellbooks,absolution
objects,normal,spellbooks,protection from curses
objects,normal,spellbooks,protection
objects,normal,spellbooks,create clay golem
objects,normal,spellbooks,create food
objects,normal,spellbooks,create fruits
objects,normal,spellbooks,create water
objects,normal,spellbooks,congregate
objects,normal,spellbooks,divine strength
objects,normal,spellbooks,divine endurance
objects,normal,spellbooks,celestial dove
objects,normal,spellbooks,celestial eagle
objects,normal,spellbooks,turn undead
objects,normal,spellbooks,heavenly warrior
objects,normal,spellbooks,negate undeath
objects,normal,spellbooks,guardian angel
objects,normal,spellbooks,banish demon
objects,normal,spellbooks,holy word
objects,normal,spellbooks,summon gold dragon
objects,normal,spellbooks,obliterate
objects,normal,spellbooks,divine intervention
objects,normal,spellbooks,summon phoenix
objects,normal,spellbooks,call Bahamut
objects,normal,spellbooks,divine mount
objects,normal,spellbooks,summon ancient gold dragon
objects,normal,spellbooks,heavenly army
objects,normal,spellbooks,stick to snake
objects,normal,spellbooks,create wood golem
objects,normal,spellbooks,stick to cobra
objects,normal,spellbooks,stick to python
objects,normal,spellbooks,stick to boa
objects,normal,spellbooks,barkskin
objects,normal,spellbooks,stoneskin
objects,normal,spellbooks,faithful hound
objects,normal,spellbooks,summon treant
objects,normal,spellbooks,summon elder treant
objects,normal,spellbooks,gaze of petrification
objects,normal,spellbooks,light
objects,normal,spellbooks,probe monster
objects,normal,spellbooks,detect monsters
objects,normal,spellbooks,detect food
objects,normal,spellbooks,clairvoyance
objects,normal,spellbooks,detect unseen
objects,normal,spellbooks,detect treasure
objects,normal,spellbooks,identify
objects,normal,spellbooks,magic mapping
objects,normal,spellbooks,telepathy
objects,normal,spellbooks,detect traps
objects,normal,spellbooks,minor consultation
objects,normal,spellbooks,major consultation
objects,normal,spellbooks,detect blessedness
objects,normal,spellbooks,sleep
objects,normal,spellbooks,mass sleep
objects,normal,spellbooks,fear
objects,normal,spellbooks,mass fear
objects,normal,spellbooks,confuse monster
objects,normal,spellbooks,charm monster
objects,normal,spellbooks,sphere of charming
objects,normal,spellbooks,mass charm
objects,normal,spellbooks,dominate monster
objects,normal,spellbooks,sphere of domination
objects,normal,spellbooks,mass domination
objects,normal,spellbooks,invisibility
objects,normal,spellbooks,enchant armor
objects,normal,spellbooks,enchant weapon
objects,normal,spellbooks,protect armor
objects,normal,spellbooks,protect weapon
objects,normal,spellbooks,cold-enchant item
objects,normal,spellbooks,fire-enchant item
objects,normal,spellbooks,lightning-enchant item
objects,normal,spellbooks,death-enchant item
objects,normal,spellbooks,mirror image
objects,normal,spellbooks,mass conflict
objects,normal,spellbooks,cure sickness
objects,normal,spellbooks,cure petrification
objects,normal,spellbooks,cure blindness
objects,normal,spellbooks,minor healing
objects,normal,spellbooks,healing
objects,normal,spellbooks,extra healing
objects,normal,spellbooks,greater healing
objects,normal,spellbooks,prodigious healing
objects,normal,spellbooks,full healing
objects,normal,spellbooks,restore ability
objects,normal,spellbooks,slow monster
objects,normal,spellbooks,mass slow
objects,normal,spellbooks,hold monster
objects,normal,spellbooks,mass hold
objects,normal,spellbooks,haste self
objects,normal,spellbooks,haste monster
objects,normal,spellbooks,levitation
objects,normal,spellbooks,teleport self
objects,normal,spellbooks,teleport monster
objects,normal,spellbooks,controlled teleport
objects,normal,spellbooks,circle of teleportation
objects,normal,spellbooks,level teleport
objects,normal,spellbooks,controlled level teleport
objects,normal,spellbooks,portal
objects,normal,spellbooks,jumping
objects,normal,spellbooks,water walking
objects,normal,spellbooks,time stop
objects,normal,spellbooks,reflection
objects,normal,spellbooks,protection from fire
objects,normal,spellbooks,protection from lightning
objects,normal,spellbooks,protection from cold
objects,normal,spellbooks,protection from acid
objects,normal,spellbooks,protection from poison
objects,normal,spellbooks,protection from life draining
objects,normal,spellbooks,protection from death magic
objects,normal,spellbooks,protection from disintegration
objects,normal,spellbooks,protection from sickness
objects,normal,spellbooks,protection from petrification
objects,normal,spellbooks,protection from lycanthropy
objects,normal,spellbooks,lower magic resistance
objects,normal,spellbooks,diminish magic resistance
objects,normal,spellbooks,abolish magic resistance
objects,normal,spellbooks,negate magic resistance
objects,normal,spellbooks,forbid summoning
objects,normal,spellbooks,cancellation
objects,normal,spellbooks,silence
objects,normal,spellbooks,touch of death
objects,normal,spellbooks,finger of death
objects,normal,spellbooks,deathspell
objects,normal,spellbooks,armageddon
objects,normal,spellbooks,call ghoul
objects,normal,spellbooks,raise minor zombie
objects,normal,spellbooks,create minor mummy
objects,normal,spellbooks,raise giant zombie
objects,normal,spellbooks,create giant mummy
objects,normal,spellbooks,create dracolich
objects,normal,spellbooks,mass raise zombie
objects,normal,spellbooks,mass create mummy
objects,normal,spellbooks,mass create dracolich
objects,normal,spellbooks,raise skeleton
objects,normal,spellbooks,raise giant skeleton
objects,normal,spellbooks,raise skeleton warrior
objects,normal,spellbooks,raise skeleton lord
objects,normal,spellbooks,raise skeleton king
objects,normal,spellbooks,replenish undeath
objects,normal,spellbooks,greater undeath replenishment
objects,normal,spellbooks,summon demon
objects,normal,spellbooks,call Demogorgon
objects,normal,spellbooks,drain level
objects,normal,spellbooks,blank paper
objects,normal,spellbooks,novel
objects,normal,spellbooks,Book of the Dead
objects,normal,wands,light
objects,normal,wands,secret door detection
objects,normal,wands,ore detection
objects,normal,wands,enlightenment
objects,normal,wands,create monster
objects,normal,wands,wishing
objects,normal,wands,identify
objects,normal,wands,nothing
objects,normal,wands,striking
objects,normal,wands,make invisible
objects,normal,wands,slow monster
objects,normal,wands,speed monster
objects,normal,wands,undead turning
objects,normal,wands,polymorph
objects,normal,wands,cancellation
objects,normal,wands,teleportation
objects,normal,wands,opening
objects,normal,wands,locking
objects,normal,wands,probing
objects,normal,wands,digging
objects,normal,wands,magic missile
objects,normal,wands,fire
objects,normal,wands,cold
objects,normal,wands,sleep
objects,normal,wands,disintegration
objects,normal,wands,petrification
objects,normal,wands,lightning
objects,normal,wands,death
objects,normal,wands,resurrection
objects,normal,wands,evaporation
objects,normal,wands,nameless-20
objects,normal,wands,nameless-21
objects,normal,wands,nameless-22
objects,normal,coins,gold piece
objects,normal,rocks,dilithium crystal
objects,normal,rocks,diamond
objects,normal,rocks,black pearl
objects,normal,rocks,ruby
objects,normal,rocks,jacinth
objects,normal,rocks,sapphire
objects,normal,rocks,black opal
objects,normal,rocks,emerald
objects,normal,rocks,turquoise
objects,normal,rocks,citrine
objects,normal,rocks,aquamarine
objects,normal,rocks,amber
objects,normal,rocks,topaz
objects,normal,rocks,jet
objects,normal,rocks,opal
objects,normal,rocks,chrysoberyl
objects,normal,rocks,garnet
objects,normal,rocks,amethyst
objects,normal,rocks,jasper
objects,normal,rocks,fluorite
objects,normal,rocks,pearl
objects,normal,rocks,obsidian
objects,normal,rocks,agate
objects,normal,rocks,jade
objects,normal,rocks,worthless piece of white glass
objects,normal,rocks,worthless piece of blue glass
objects,normal,rocks,worthless piece of red glass
objects,normal,rocks,worthless piece of yellowish brown glass
objects,normal,rocks,worthless piece of orange glass
objects,normal,rocks,worthless piece of yellow glass
objects,normal,rocks,worthless piece of black glass
objects,normal,rocks,worthless piece of green glass
objects,normal,rocks,worthless piece of violet glass
objects,normal,rocks,luckstone
objects,normal,rocks,loadstone
objects,normal,rocks,jinxstone
objects,normal,rocks,prayerstone
objects,normal,rocks,touchstone
objects,normal,rocks,flint
objects,normal,rocks,rock
objects,normal,rocks,stone pebble
objects,normal,rocks,clay pebble
objects,normal,rocks,nugget of iron ore
objects,normal,rocks,nugget of copper ore
objects,normal,rocks,nugget of silver ore
objects,normal,rocks,nugget of gold ore
objects,normal,rocks,nugget of platinum ore
objects,normal,rocks,nugget of orichalcum ore
objects,normal,rocks,nugget of adamantium ore
objects,normal,rocks,nugget of mithril ore
objects,normal,large stones,boulder
objects,normal,large stones,statue
objects,normal,iron balls,heavy iron ball
objects,normal,chains,iron chain
objects,normal,venoms,blinding venom
objects,normal,venoms,acid venom
objects,normal,reagents,thread of spider silk
objects,normal,reagents,clump of bat guano
objects,normal,reagents,ginseng root
objects,normal,reagents,mandrake root
objects,normal,reagents,heap of sporal powder
objects,normal,reagents,sprig of wolfsbane
objects,normal,reagents,clove of garlic
objects,normal,reagents,bone
objects,normal,reagents,human skull
objects,normal,reagents,piece of wood
objects,normal,reagents,pinch of sulfurous ash
objects,normal,reagents,modronite sphere
objects,normal,reagents,modronite monopole
objects,normal,reagents,modronite tetrahedron
objects,normal,reagents,modronite cube
objects,normal,reagents,modronite octahedron
objects,normal,reagents,modronite dodecahedron
objects,normal,reagents,modronite icosahedron
objects,normal,reagents,feather
artifacts,normal,Excalibur
artifacts,normal,Stormbringer
artifacts,normal,Mjollnir
artifacts,normal,Cleaver
artifacts,normal,Grimtooth
artifacts,normal,Orcrist
artifacts,normal,Sting
artifacts,normal,Magicbane
artifacts,normal,Frost Brand
artifacts,normal,Fire Brand
artifacts,normal,Dragonbane
artifacts,normal,Demonbane
artifacts,normal,Werebane
artifacts,normal,Grayswandir
artifacts,normal,Giantslayer
artifacts,normal,Ogresmasher
artifacts,normal,Trollsbane
artifacts,normal,Gnollbane
artifacts,normal,Crossbow of the Gnoll Lords
artifacts,normal,Howling Flail
artifacts,normal,Luck Blade
artifacts,normal,Wand of Orcus
artifacts,normal,Rhongomyniad
artifacts,normal,Vorpal Blade
artifacts,normal,Snickersnee
artifacts,normal,Sunsword
artifacts,normal,The One Ring
artifacts,normal,Ring of Three Wishes
artifacts,normal,Serpent Ring of Set
artifacts,normal,Ring of Conflict
artifacts,normal,Gauntlets of Yin and Yang
artifacts,normal,The Holy Grail
artifacts,normal,The Orb of Detection
artifacts,normal,The Heart of Ahriman
artifacts,normal,The Sceptre of Might
artifacts,normal,The Staff of Aesculapius
artifacts,normal,The Magic Mirror of Merlin
artifacts,normal,The Eyes of the Overworld
artifacts,normal,The Mitre of Holiness
artifacts,normal,The Longbow of Diana
artifacts,normal,The Master Key of Thievery
artifacts,normal,The Tsurugi of Muramasa
artifacts,normal,The Platinum Yendorian Express Card
artifacts,normal,The Orb of Fate
artifacts,normal,The Eye of the Aethiopica
artifacts,normal,The Ark of the Covenant
cmap,cmap-0,S_stone
cmap,cmap-0,S_vwall
cmap,cmap-0,S_hwall
cmap,cmap-0,S_tlcorn
cmap,cmap-0,S_trcorn
cmap,cmap-0,S_blcorn
cmap,cmap-0,S_brcorn
cmap,cmap-0,S_crwall
cmap,cmap-0,S_tuwall
cmap,cmap-0,S_tdwall
cmap,cmap-0,S_tlwall
cmap,cmap-0,S_trwall
cmap,cmap-0,S_ndoor
cmap,cmap-0,S_vodoor
cmap,cmap-0,S_hodoor
cmap,cmap-0,S_vcdoor
cmap,cmap-0,S_hcdoor
cmap,cmap-0,S_bars
cmap,cmap-0,S_tree
cmap,cmap-0,S_room
cmap,cmap-0,S_grass
cmap,cmap-0,S_darkroom
cmap,cmap-0,S_corr
cmap,cmap-0,S_litcorr
cmap,cmap-0,S_upstair
cmap,cmap-0,S_dnstair
cmap,cmap-0,S_upladder
cmap,cmap-0,S_dnladder
cmap,cmap-0,S_altar
cmap,cmap-0,S_grave
cmap,cmap-0,S_throne
cmap,cmap-0,S_sink
cmap,cmap-0,S_fountain
cmap,cmap-0,S_pool
cmap,cmap-0,S_ice
cmap,cmap-0,S_lava
cmap,cmap-0,S_vodbridge
cmap,cmap-0,S_hodbridge
cmap,cmap-0,S_vcdbridge
cmap,cmap-0,S_hcdbridge
cmap,cmap-0,S_air
cmap,cmap-0,S_cloud
cmap,cmap-0,S_water
cmap,cmap-0,S_arrow_trap
cmap,cmap-0,S_dart_trap
cmap,cmap-0,S_falling_rock_trap
cmap,cmap-0,S_squeaky_board
cmap,cmap-0,S_bear_trap
cmap,cmap-0,S_land_mine
cmap,cmap-0,S_rolling_boulder_trap
cmap,cmap-0,S_sleeping_gas_trap
cmap,cmap-0,S_rust_trap
cmap,cmap-0,S_fire_trap
cmap,cmap-0,S_pit
cmap,cmap-0,S_spiked_pit
cmap,cmap-0,S_hole
cmap,cmap-0,S_trap_door
cmap,cmap-0,S_teleportation_trap
cmap,cmap-0,S_level_teleporter
cmap,cmap-0,S_magic_portal
cmap,cmap-0,S_web
cmap,cmap-0,S_statue_trap
cmap,cmap-0,S_magic_trap
cmap,cmap-0,S_anti_magic_trap
cmap,cmap-0,S_polymorph_trap
cmap,cmap-0,S_vibrating_square
cmap,cmap-0,S_octahedral_portal
cmap,cmap-0,S_tetrahedral_portal
cmap,cmap-0,S_cubical_portal
cmap,cmap-0,S_dodecahedral_portal
cmap,cmap-0,S_vbeam
cmap,cmap-0,S_hbeam
cmap,cmap-0,S_lslant
cmap,cmap-0,S_rslant
cmap,cmap-0,S_digbeam
cmap,cmap-0,S_flashbeam
cmap,cmap-0,S_boomleft
cmap,cmap-0,S_boomright
cmap,cmap-0,S_ss1
cmap,cmap-0,S_ss2
cmap,cmap-0,S_ss3
cmap,cmap-0,S_ss4
cmap,cmap-0,S_poisoncloud
cmap,cmap-0,S_goodpos
cmap,cmap-0,S_sw_tl
cmap,cmap-0,S_sw_tc
cmap,cmap-0,S_sw_tr
cmap,cmap-0,S_sw_ml
cmap,cmap-0,S_sw_mr
cmap,cmap-0,S_sw_bl
cmap,cmap-0,S_sw_bc
cmap,cmap-0,S_sw_br
misc,invisible,generic
misc,explode,generic,tile-0
misc,explode,generic,tile-1
misc,explode,generic,tile-2
misc,explode,generic,tile-3
misc,explode,generic,tile-4
misc,explode,generic,tile-5
misc,explode,generic,tile-6
misc,explode,generic,tile-7
misc,explode,generic,tile-8
misc,zap,generic,tile-0
misc,zap,generic,tile-1
misc,zap,generic,tile-2
misc,zap,generic,tile-3
misc,swallow,ochre jelly,tile-0
misc,swallow,ochre jelly,tile-1
misc,swallow,ochre jelly,tile-2
misc,swallow,ochre jelly,tile-3
misc,swallow,ochre jelly,tile-4
misc,swallow,ochre jelly,tile-5
misc,swallow,ochre jelly,tile-6
misc,swallow,ochre jelly,tile-7
misc,swallow,giant luggage,tile-0
misc,swallow,giant luggage,tile-1
misc,swallow,giant luggage,tile-2
misc,swallow,giant luggage,tile-3
misc,swallow,giant luggage,tile-4
misc,swallow,giant luggage,tile-5
misc,swallow,giant luggage,tile-6
misc,swallow,giant luggage,tile-7
misc,swallow,lurker above,tile-0
misc,swallow,lurker above,tile-1
misc,swallow,lurker above,tile-2
misc,swallow,lurker above,tile-3
misc,swallow,lurker above,tile-4
misc,swallow,lurker above,tile-5
misc,swallow,lurker above,tile-6
misc,swallow,lurker above,tile-7
misc,swallow,trapper,tile-0
misc,swallow,trapper,tile-1
misc,swallow,trapper,tile-2
misc,swallow,trapper,tile-3
misc,swallow,trapper,tile-4
misc,swallow,trapper,tile-5
misc,swallow,trapper,tile-6
misc,swallow,trapper,tile-7
misc,swallow,dust vortex,tile-0
misc,swallow,dust vortex,tile-1
misc,swallow,dust vortex,tile-2
misc,swallow,dust vortex,tile-3
misc,swallow,dust vortex,tile-4
misc,swallow,dust vortex,tile-5
misc,swallow,dust vortex,tile-6
misc,swallow,dust vortex,tile-7
misc,swallow,fog cloud,tile-0
misc,swallow,fog cloud,tile-1
misc,swallow,fog cloud,tile-2
misc,swallow,fog cloud,tile-3
misc,swallow,fog cloud,tile-4
misc,swallow,fog cloud,tile-5
misc,swallow,fog cloud,tile-6
misc,swallow,fog cloud,tile-7
misc,swallow,ice vortex,tile-0
misc,swallow,ice vortex,tile-1
misc,swallow,ice vortex,tile-2
misc,swallow,ice vortex,tile-3
misc,swallow,ice vortex,tile-4
misc,swallow,ice vortex,tile-5
misc,swallow,ice vortex,tile-6
misc,swallow,ice vortex,tile-7
misc,swallow,steam vortex,tile-0
misc,swallow,steam vortex,tile-1
misc,swallow,steam vortex,tile-2
misc,swallow,steam vortex,tile-3
misc,swallow,steam vortex,tile-4
misc,swallow,steam vortex,tile-5
misc,swallow,steam vortex,tile-6
misc,swallow,steam vortex,tile-7
misc,swallow,fire vortex,tile-0
misc,swallow,fire vortex,tile-1
misc,swallow,fire vortex,tile-2
misc,swallow,fire vortex,tile-3
misc,swallow,fire vortex,tile-4
misc,swallow,fire vortex,tile-5
misc,swallow,fire vortex,tile-6
misc,swallow,fire vortex,tile-7
misc,swallow,energy vortex,tile-0
misc,swallow,energy vortex,tile-1
misc,swallow,energy vortex,tile-2
misc,swallow,energy vortex,tile-3
misc,swallow,energy vortex,tile-4
misc,swallow,energy vortex,tile-5
misc,swallow,energy vortex,tile-6
misc,swallow,energy vortex,tile-7
misc,swallow,purple worm,tile-0
misc,swallow,purple worm,tile-1
misc,swallow,purple worm,tile-2
misc,swallow,purple worm,tile-3
misc,swallow,purple worm,tile-4
misc,swallow,purple worm,tile-5
misc,swallow,purple worm,tile-6
misc,swallow,purple worm,tile-7
misc,swallow,air elemental,tile-0
misc,swallow,air elemental,tile-1
misc,swallow,air elemental,tile-2
misc,swallow,air elemental,tile-3
misc,swallow,air elemental,tile-4
misc,swallow,air elemental,tile-5
misc,swallow,air elemental,tile-6
misc,swallow,air elemental,tile-7
misc,swallow,elder air elemental,tile-0
misc,swallow,elder air elemental,tile-1
misc,swallow,elder air elemental,tile-2
misc,swallow,elder air elemental,tile-3
misc,swallow,elder air elemental,tile-4
misc,swallow,elder air elemental,tile-5
misc,swallow,elder air elemental,tile-6
misc,swallow,elder air elemental,tile-7
misc,swallow,Juiblex,tile-0
misc,swallow,Juiblex,tile-1
misc,swallow,Juiblex,tile-2
misc,swallow,Juiblex,tile-3
misc,swallow,Juiblex,tile-4
misc,swallow,Juiblex,tile-5
misc,swallow,Juiblex,tile-6
misc,swallow,Juiblex,tile-7
misc,warning,tile-0
misc,warning,tile-1
misc,warning,tile-2
misc,warning,tile-3
misc,warning,tile-4
misc,warning,tile-5
misc,warning,tile-6
player,Archeologist,human,male
player,Archeologist,human,female
player,Archeologist,elf,male
player,Archeologist,elf,female
player,Archeologist,dwarf,male
player,Archeologist,dwarf,female
player,Archeologist,gnoll,male
player,Archeologist,gnoll,female
player,Archeologist,orc,male
player,Archeologist,orc,female
player,Barbarian,human,male
player,Barbarian,human,female
player,Barbarian,elf,male
player,Barbarian,elf,female
player,Barbarian,dwarf,male
player,Barbarian,dwarf,female
player,Barbarian,gnoll,male
player,Barbarian,gnoll,female
player,Barbarian,orc,male
player,Barbarian,orc,female
player,Caveman,human,male
player,Caveman,human,female
player,Caveman,elf,male
player,Caveman,elf,female
player,Caveman,dwarf,male
player,Caveman,dwarf,female
player,Caveman,gnoll,male
player,Caveman,gnoll,female
player,Caveman,orc,male
player,Caveman,orc,female
player,Healer,human,male
player,Healer,human,female
player,Healer,elf,male
player,Healer,elf,female
player,Healer,dwarf,male
player,Healer,dwarf,female
player,Healer,gnoll,male
player,Healer,gnoll,female
player,Healer,orc,male
player,Healer,orc,female
player,Knight,human,male
player,Knight,human,female
player,Knight,elf,male
player,Knight,elf,female
player,Knight,dwarf,male
player,Knight,dwarf,female
player,Knight,gnoll,male
player,Knight,gnoll,female
player,Knight,orc,male
player,Knight,orc,female
player,Monk,human,male
player,Monk,human,female
player,Monk,elf,male
player,Monk,elf,female
player,Monk,dwarf,male
player,Monk,dwarf,female
player,Monk,gnoll,male
player,Monk,gnoll,female
player,Monk,orc,male
player,Monk,orc,female
player,Priest,human,male
player,Priest,human,female
player,Priest,elf,male
player,Priest,elf,female
player,Priest,dwarf,male
player,Priest,dwarf,female
player,Priest,gnoll,male
player,Priest,gnoll,female
player,Priest,orc,male
player,Priest,orc,female
player,Rogue,human,male
player,Rogue,human,female
player,Rogue,elf,male
player,Rogue,elf,female
player,Rogue,dwarf,male
player,Rogue,dwarf,female
player,Rogue,gnoll,male
player,Rogue,gnoll,female
player,Rogue,orc,male
player,Rogue,orc,female
player,Ranger,human,male
player,Ranger,human,female
player,Ranger,elf,male
player,Ranger,elf,female
player,Ranger,dwarf,male
player,Ranger,dwarf,female
player,Ranger,gnoll,male
player,Ranger,gnoll,female
player,Ranger,orc,male
player,Ranger,orc,female
player,Samurai,human,male
player,Samurai,human,female
player,Samurai,elf,male
player,Samurai,elf,female
player,Samurai,dwarf,male
player,Samurai,dwarf,female
player,Samurai,gnoll,male
player,Samurai,gnoll,female
player,Samurai,orc,male
player,Samurai,orc,female
player,Tourist,human,male
player,Tourist,human,female
player,Tourist,elf,male
player,Tourist,elf,female
player,Tourist,dwarf,male
player,Tourist,dwarf,female
player,Tourist,gnoll,male
player,Tourist,gnoll,female
player,Tourist,orc,male
player,Tourist,orc,female
player,Valkyrie,human,male
player,Valkyrie,human,female
player,Valkyrie,elf,male
player,Valkyrie,elf,female
player,Valkyrie,dwarf,male
player,Valkyrie,dwarf,female
player,Valkyrie,gnoll,male
player,Valkyrie,gnoll,female
player,Valkyrie,orc,male
player,Valkyrie,orc,female
player,Wizard,human,male
player,Wizard,human,female
player,Wizard,elf,male
player,Wizard,elf,female
player,Wizard,dwarf,male
player,Wizard,dwarf,female
player,Wizard,gnoll,male
player,Wizard,gnoll,female
player,Wizard,orc,male
player,Wizard,orc,female
